experiment,fixations,vlm,ci_low,ci_high,greedy,random_prior,random_visible,source
E1,0,10.3,8.3,12.3,,,3.87,text
E1,1,21.13,18.45,23.66,,27.67,3.87,figure
E1,2,20.42,17.92,23.03,24.21,19.43,3.87,figure
E1,3,21.74,19.08,24.35,22.96,15.24,3.87,figure
E1,4,23.37,20.66,26.03,24.47,12.33,3.87,figure
E1,5,23.69,21.19,26.67,24.15,10.43,3.87,figure
E1,6,24.8,22.1,27.7,23.4,9.15,3.87,text
E1,7,24.08,21.34,26.82,22.29,8.17,3.87,figure
E1,8,23.98,21.24,26.72,21.94,7.35,3.87,figure
E1,9,24.48,21.66,27.19,23.84,6.71,3.87,figure
E1,10,23.61,21.87,26.35,22.9,6.15,3.87,figure
E2,0,13.98,10.16,17.13,,,4.22,figure
E2,1,48.65,42.54,55.0,,57.9,4.22,figure
E2,2,47.3,40.9,53.85,54.86,38.81,4.22,figure
E2,3,48.16,41.64,54.59,57.07,28.33,4.22,figure
E2,4,47.3,40.9,53.77,55.17,21.92,4.22,figure
E2,5,46.19,39.84,52.7,56.34,18.0,4.22,figure
E2,6,49.5,43.0,56.1,53.78,15.29,4.22,text
E2,7,49.63,42.79,55.82,48.81,13.24,4.22,figure
E2,8,47.91,41.31,54.43,42.13,11.62,4.26,figure
E2,9,47.05,40.57,53.52,38.2,10.3,4.26,figure
E2,10,44.92,38.44,51.52,36.84,9.3,4.26,figure
