measure,space,pct,deg
radius,near,95,2.068
radius,near,94,2.142
radius,near,93,2.217
radius,near,92,2.305
radius,near,91,2.386
radius,near,90,2.468
radius,near,89,2.549
radius,near,88,2.631
radius,near,87,2.719
radius,near,86,2.793
radius,near,85,2.881
radius,near,84,2.963
radius,near,83,3.037
radius,near,82,3.119
radius,near,81,3.186
radius,near,80,3.254
radius,near,79,3.322
radius,near,78,3.39
radius,near,77,3.458
radius,near,76,3.525
radius,near,75,3.593
radius,near,74,3.661
radius,near,73,3.729
radius,near,72,3.797
radius,near,71,3.871
radius,near,70,3.946
radius,near,69,4.034
radius,near,68,4.115
radius,near,67,4.19
radius,near,66,4.271
radius,near,65,4.353
radius,near,64,4.427
radius,near,63,4.508
radius,near,62,4.597
radius,near,61,4.678
radius,near,60,4.78
radius,near,59,4.875
radius,near,58,4.963
radius,near,57,5.064
radius,near,56,5.173
radius,near,55,5.288
radius,near,54,5.397
radius,near,53,5.519
radius,near,52,5.641
radius,near,51,5.749
radius,near,50,5.885
radius,near,49,6.014
radius,near,48,6.142
radius,near,47,6.278
radius,near,46,6.414
radius,near,45,6.536
radius,near,44,6.678
radius,near,43,6.82
radius,near,42,6.969
radius,near,41,7.098
radius,near,40,7.247
radius,near,39,7.39
radius,near,38,7.525
radius,near,37,7.668
radius,near,36,7.837
radius,near,35,7.993
radius,near,34,8.156
radius,near,33,8.325
radius,near,32,8.481
radius,near,31,8.651
radius,near,30,8.827
radius,near,29,9.01
radius,near,28,9.214
radius,near,27,9.431
radius,near,26,9.647
radius,near,25,9.837
radius,near,24,10.075
radius,near,23,10.305
radius,near,22,10.536
radius,near,21,10.793
radius,near,20,11.105
radius,near,19,11.403
radius,near,18,11.79
radius,mid,95,1.125
radius,mid,94,1.173
radius,mid,93,1.234
radius,mid,92,1.288
radius,mid,91,1.349
radius,mid,90,1.39
radius,mid,89,1.444
radius,mid,88,1.485
radius,mid,87,1.525
radius,mid,86,1.566
radius,mid,85,1.614
radius,mid,84,1.661
radius,mid,83,1.702
radius,mid,82,1.742
radius,mid,81,1.783
radius,mid,80,1.824
radius,mid,79,1.858
radius,mid,78,1.898
radius,mid,77,1.932
radius,mid,76,1.973
radius,mid,75,2.014
radius,mid,74,2.054
radius,mid,73,2.095
radius,mid,72,2.136
radius,mid,71,2.176
radius,mid,70,2.217
radius,mid,69,2.258
radius,mid,68,2.298
radius,mid,67,2.346
radius,mid,66,2.4
radius,mid,65,2.454
radius,mid,64,2.502
radius,mid,63,2.563
radius,mid,62,2.617
radius,mid,61,2.664
radius,mid,60,2.719
radius,mid,59,2.773
radius,mid,58,2.827
radius,mid,57,2.881
radius,mid,56,2.949
radius,mid,55,3.01
radius,mid,54,3.064
radius,mid,53,3.132
radius,mid,52,3.2
radius,mid,51,3.268
radius,mid,50,3.349
radius,mid,49,3.431
radius,mid,48,3.505
radius,mid,47,3.593
radius,mid,46,3.681
radius,mid,45,3.769
radius,mid,44,3.864
radius,mid,43,3.966
radius,mid,42,4.061
radius,mid,41,4.156
radius,mid,40,4.251
radius,mid,39,4.359
radius,mid,38,4.441
radius,mid,37,4.549
radius,mid,36,4.658
radius,mid,35,4.766
radius,mid,34,4.875
radius,mid,33,4.99
radius,mid,32,5.112
radius,mid,31,5.261
radius,mid,30,5.417
radius,mid,29,5.573
radius,mid,28,5.749
radius,mid,27,5.939
radius,mid,26,6.142
radius,mid,25,6.332
radius,mid,24,6.563
radius,mid,23,6.814
radius,mid,22,7.058
radius,mid,21,7.336
radius,mid,20,7.641
radius,mid,19,7.946
radius,mid,18,8.305
radius,mid,17,8.685
radius,mid,16,9.119
radius,mid,15,9.634
radius,mid,14,10.285
radius,mid,13,10.949
radius,mid,12,11.803
radius,interacted,95,3.681
radius,interacted,94,3.831
radius,interacted,93,3.993
radius,interacted,92,4.136
radius,interacted,91,4.271
radius,interacted,90,4.393
radius,interacted,89,4.542
radius,interacted,88,4.678
radius,interacted,87,4.827
radius,interacted,86,4.949
radius,interacted,85,5.098
radius,interacted,84,5.234
radius,interacted,83,5.369
radius,interacted,82,5.512
radius,interacted,81,5.654
radius,interacted,80,5.79
radius,interacted,79,5.939
radius,interacted,78,6.088
radius,interacted,77,6.224
radius,interacted,76,6.373
radius,interacted,75,6.515
radius,interacted,74,6.651
radius,interacted,73,6.8
radius,interacted,72,6.942
radius,interacted,71,7.092
radius,interacted,70,7.234
radius,interacted,69,7.383
radius,interacted,68,7.539
radius,interacted,67,7.675
radius,interacted,66,7.851
radius,interacted,65,8.034
radius,interacted,64,8.197
radius,interacted,63,8.38
radius,interacted,62,8.563
radius,interacted,61,8.732
radius,interacted,60,8.915
radius,interacted,59,9.098
radius,interacted,58,9.268
radius,interacted,57,9.451
radius,interacted,56,9.654
radius,interacted,55,9.858
radius,interacted,54,10.034
radius,interacted,53,10.237
radius,interacted,52,10.441
radius,interacted,51,10.631
radius,interacted,50,10.827
radius,interacted,49,11.031
radius,interacted,48,11.241
radius,interacted,47,11.485
radius,interacted,46,11.736
radius,interacted,45,11.959
radius,fixated,95,1.234
radius,fixated,94,1.288
radius,fixated,93,1.356
radius,fixated,92,1.424
radius,fixated,91,1.492
radius,fixated,90,1.546
radius,fixated,89,1.607
radius,fixated,88,1.661
radius,fixated,87,1.715
radius,fixated,86,1.763
radius,fixated,85,1.817
radius,fixated,84,1.871
radius,fixated,83,1.919
radius,fixated,82,1.973
radius,fixated,81,2.02
radius,fixated,80,2.068
radius,fixated,79,2.122
radius,fixated,78,2.169
radius,fixated,77,2.217
radius,fixated,76,2.264
radius,fixated,75,2.319
radius,fixated,74,2.373
radius,fixated,73,2.434
radius,fixated,72,2.495
radius,fixated,71,2.563
radius,fixated,70,2.617
radius,fixated,69,2.685
radius,fixated,68,2.753
radius,fixated,67,2.807
radius,fixated,66,2.875
radius,fixated,65,2.936
radius,fixated,64,2.997
radius,fixated,63,3.064
radius,fixated,62,3.119
radius,fixated,61,3.186
radius,fixated,60,3.254
radius,fixated,59,3.336
radius,fixated,58,3.403
radius,fixated,57,3.485
radius,fixated,56,3.566
radius,fixated,55,3.647
radius,fixated,54,3.729
radius,fixated,53,3.81
radius,fixated,52,3.898
radius,fixated,51,3.98
radius,fixated,50,4.075
radius,fixated,49,4.169
radius,fixated,48,4.258
radius,fixated,47,4.353
radius,fixated,46,4.447
radius,fixated,45,4.536
radius,fixated,44,4.637
radius,fixated,43,4.739
radius,fixated,42,4.861
radius,fixated,41,4.976
radius,fixated,40,5.092
radius,fixated,39,5.22
radius,fixated,38,5.342
radius,fixated,37,5.492
radius,fixated,36,5.654
radius,fixated,35,5.81
radius,fixated,34,5.973
radius,fixated,33,6.142
radius,fixated,32,6.319
radius,fixated,31,6.508
radius,fixated,30,6.719
radius,fixated,29,6.915
radius,fixated,28,7.125
radius,fixated,27,7.349
radius,fixated,26,7.593
radius,fixated,25,7.817
radius,fixated,24,8.075
radius,fixated,23,8.332
radius,fixated,22,8.597
radius,fixated,21,8.888
radius,fixated,20,9.22
radius,fixated,19,9.539
radius,fixated,18,9.946
radius,fixated,17,10.38
radius,fixated,16,10.841
radius,fixated,15,11.383
radius,fixated,14,11.925
minor,near,95,1.308
minor,near,94,1.431
minor,near,93,1.553
minor,near,92,1.641
minor,near,91,1.722
minor,near,90,1.79
minor,near,89,1.871
minor,near,88,1.939
minor,near,87,1.993
minor,near,86,2.027
minor,near,85,2.075
minor,near,84,2.129
minor,near,83,2.183
minor,near,82,2.244
minor,near,81,2.305
minor,near,80,2.359
minor,near,79,2.42
minor,near,78,2.481
minor,near,77,2.536
minor,near,76,2.603
minor,near,75,2.658
minor,near,74,2.732
minor,near,73,2.807
minor,near,72,2.875
minor,near,71,2.929
minor,near,70,2.983
minor,near,69,3.044
minor,near,68,3.105
minor,near,67,3.159
minor,near,66,3.241
minor,near,65,3.322
minor,near,64,3.397
minor,near,63,3.471
minor,near,62,3.553
minor,near,61,3.634
minor,near,60,3.708
minor,near,59,3.79
minor,near,58,3.864
minor,near,57,3.946
minor,near,56,4.047
minor,near,55,4.142
minor,near,54,4.237
minor,near,53,4.339
minor,near,52,4.461
minor,near,51,4.563
minor,near,50,4.671
minor,near,49,4.766
minor,near,48,4.881
minor,near,47,5.003
minor,near,46,5.132
minor,near,45,5.254
minor,near,44,5.39
minor,near,43,5.519
minor,near,42,5.654
minor,near,41,5.776
minor,near,40,5.898
minor,near,39,6.02
minor,near,38,6.163
minor,near,37,6.312
minor,near,36,6.461
minor,near,35,6.597
minor,near,34,6.759
minor,near,33,6.922
minor,near,32,7.085
minor,near,31,7.268
minor,near,30,7.444
minor,near,29,7.614
minor,near,28,7.831
minor,near,27,8.054
minor,near,26,8.285
minor,near,25,8.495
minor,near,24,8.725
minor,near,23,8.963
minor,near,22,9.2
minor,near,21,9.458
minor,near,20,9.736
minor,near,19,9.993
minor,near,18,10.278
minor,near,17,10.563
minor,near,16,10.888
minor,near,15,11.254
minor,near,14,11.661
minor,near,13,11.966
minor,mid,95,0.637
minor,mid,94,0.698
minor,mid,93,0.773
minor,mid,92,0.841
minor,mid,91,0.895
minor,mid,90,0.929
minor,mid,89,0.976
minor,mid,88,1.037
minor,mid,87,1.092
minor,mid,86,1.132
minor,mid,85,1.173
minor,mid,84,1.214
minor,mid,83,1.254
minor,mid,82,1.288
minor,mid,81,1.329
minor,mid,80,1.363
minor,mid,79,1.403
minor,mid,78,1.444
minor,mid,77,1.485
minor,mid,76,1.525
minor,mid,75,1.566
minor,mid,74,1.593
minor,mid,73,1.634
minor,mid,72,1.675
minor,mid,71,1.715
minor,mid,70,1.736
minor,mid,69,1.756
minor,mid,68,1.797
minor,mid,67,1.837
minor,mid,66,1.878
minor,mid,65,1.912
minor,mid,64,1.932
minor,mid,63,1.959
minor,mid,62,1.993
minor,mid,61,2.027
minor,mid,60,2.068
minor,mid,59,2.108
minor,mid,58,2.149
minor,mid,57,2.19
minor,mid,56,2.244
minor,mid,55,2.305
minor,mid,54,2.339
minor,mid,53,2.386
minor,mid,52,2.48
minor,mid,51,2.495
minor,mid,50,2.556
minor,mid,49,2.617
minor,mid,48,2.671
minor,mid,47,2.739
minor,mid,46,2.814
minor,mid,45,2.888
minor,mid,44,2.969
minor,mid,43,3.051
minor,mid,42,3.153
minor,mid,41,3.241
minor,mid,40,3.322
minor,mid,39,3.41
minor,mid,38,3.512
minor,mid,37,3.634
minor,mid,36,3.749
minor,mid,35,3.864
minor,mid,34,3.986
minor,mid,33,4.102
minor,mid,32,4.217
minor,mid,31,4.332
minor,mid,30,4.454
minor,mid,29,4.569
minor,mid,28,4.705
minor,mid,27,4.847
minor,mid,26,5.01
minor,mid,25,5.159
minor,mid,24,5.376
minor,mid,23,5.6
minor,mid,22,5.817
minor,mid,21,6.061
minor,mid,20,6.339
minor,mid,19,6.603
minor,mid,18,6.969
minor,mid,17,7.363
minor,mid,16,7.797
minor,mid,15,8.292
minor,mid,14,8.854
minor,mid,13,9.417
minor,mid,12,10.163
minor,mid,11,11.01
minor,mid,10,11.898
minor,interacted,95,2.292
minor,interacted,94,2.414
minor,interacted,93,2.556
minor,interacted,92,2.705
minor,interacted,91,2.847
minor,interacted,90,2.963
minor,interacted,89,3.085
minor,interacted,88,3.207
minor,interacted,87,3.329
minor,interacted,86,3.437
minor,interacted,85,3.559
minor,interacted,84,3.675
minor,interacted,83,3.79
minor,interacted,82,3.905
minor,interacted,81,4.027
minor,interacted,80,4.163
minor,interacted,79,4.298
minor,interacted,78,4.447
minor,interacted,77,4.583
minor,interacted,76,4.725
minor,interacted,75,4.868
minor,interacted,74,5.003
minor,interacted,73,5.159
minor,interacted,72,5.315
minor,interacted,71,5.478
minor,interacted,70,5.62
minor,interacted,69,5.783
minor,interacted,68,5.946
minor,interacted,67,6.095
minor,interacted,66,6.251
minor,interacted,65,6.414
minor,interacted,64,6.556
minor,interacted,63,6.719
minor,interacted,62,6.881
minor,interacted,61,7.031
minor,interacted,60,7.227
minor,interacted,59,7.424
minor,interacted,58,7.6
minor,interacted,57,7.783
minor,interacted,56,7.973
minor,interacted,55,8.163
minor,interacted,54,8.332
minor,interacted,53,8.515
minor,interacted,52,8.719
minor,interacted,51,8.902
minor,interacted,50,9.125
minor,interacted,49,9.349
minor,interacted,48,9.553
minor,interacted,47,9.769
minor,interacted,46,10.0
minor,interacted,45,10.203
minor,interacted,44,10.42
minor,interacted,43,10.651
minor,interacted,42,10.868
minor,interacted,41,11.071
minor,interacted,40,11.295
minor,interacted,39,11.519
minor,interacted,38,11.722
minor,interacted,37,11.939
minor,fixated,95,0.719
minor,fixated,94,0.807
minor,fixated,93,0.895
minor,fixated,92,0.956
minor,fixated,91,1.017
minor,fixated,90,1.071
minor,fixated,89,1.132
minor,fixated,88,1.193
minor,fixated,87,1.254
minor,fixated,86,1.308
minor,fixated,85,1.363
minor,fixated,84,1.403
minor,fixated,83,1.444
minor,fixated,82,1.505
minor,fixated,81,1.559
minor,fixated,80,1.593
minor,fixated,79,1.634
minor,fixated,78,1.675
minor,fixated,77,1.715
minor,fixated,76,1.756
minor,fixated,75,1.797
minor,fixated,74,1.837
minor,fixated,73,1.878
minor,fixated,72,1.919
minor,fixated,71,1.959
minor,fixated,70,1.986
minor,fixated,69,2.027
minor,fixated,68,2.068
minor,fixated,67,2.108
minor,fixated,66,2.149
minor,fixated,65,2.19
minor,fixated,64,2.244
minor,fixated,63,2.298
minor,fixated,62,2.339
minor,fixated,61,2.38
minor,fixated,60,2.441
minor,fixated,59,2.502
minor,fixated,58,2.556
minor,fixated,57,2.617
minor,fixated,56,2.698
minor,fixated,55,2.78
minor,fixated,54,2.834
minor,fixated,53,2.888
minor,fixated,52,2.969
minor,fixated,51,3.044
minor,fixated,50,3.119
minor,fixated,49,3.2
minor,fixated,48,3.281
minor,fixated,47,3.363
minor,fixated,46,3.464
minor,fixated,45,3.546
minor,fixated,44,3.654
minor,fixated,43,3.749
minor,fixated,42,3.871
minor,fixated,41,3.98
minor,fixated,40,4.081
minor,fixated,39,4.183
minor,fixated,38,4.298
minor,fixated,37,4.414
minor,fixated,36,4.536
minor,fixated,35,4.651
minor,fixated,34,4.807
minor,fixated,33,4.969
minor,fixated,32,5.119
minor,fixated,31,5.295
minor,fixated,30,5.464
minor,fixated,29,5.62
minor,fixated,28,5.797
minor,fixated,27,5.986
minor,fixated,26,6.203
minor,fixated,25,6.407
minor,fixated,24,6.664
minor,fixated,23,6.929
minor,fixated,22,7.2
minor,fixated,21,7.505
minor,fixated,20,7.837
minor,fixated,19,8.163
minor,fixated,18,8.556
minor,fixated,17,8.963
minor,fixated,16,9.376
minor,fixated,15,9.851
minor,fixated,14,10.359
minor,fixated,13,10.854
minor,fixated,12,11.498
minor,fixated,11,11.986
